{"cameraMode":{"drawMode":0,"name":"Shaded","section":"Shading Mode"},"sceneLighting":false,"audioPlay":false,"sceneViewState":{"m_AlwaysRefresh":false,"showFog":true,"showSkybox":false,"showFlares":true,"showImageEffects":true,"showParticleSystems":true,"showVisualEffectGraphs":true,"m_FxEnabled":true},"in2DMode":false,"pivot":{"x":15.50393009185791,"y":0.41751569509506228,"z":1.077154278755188},"rotation":{"x":-0.05640969052910805,"y":-0.1737288534641266,"z":0.009935863316059113,"w":-0.9831447601318359},"size":1.8975955247879029,"orthographic":false}