{"cameraMode":{"drawMode":0,"name":"Shaded","section":"Shading Mode"},"sceneLighting":true,"audioPlay":false,"sceneViewState":{"m_AlwaysRefresh":false,"showFog":true,"showSkybox":true,"showFlares":true,"showImageEffects":true,"showParticleSystems":true,"showVisualEffectGraphs":true,"m_FxEnabled":true},"in2DMode":false,"pivot":{"x":2.7618319988250734,"y":2.913909435272217,"z":-3.9085896015167238},"rotation":{"x":-0.010723438113927842,"y":0.6299774050712586,"z":-0.008700250647962094,"w":-0.7764963507652283},"size":0.8660253882408142,"orthographic":false}