{"cameraMode":{"drawMode":0,"name":"Shaded","section":"Shading Mode"},"sceneLighting":true,"audioPlay":false,"sceneViewState":{"m_AlwaysRefresh":false,"showFog":true,"showSkybox":true,"showFlares":true,"showImageEffects":true,"showParticleSystems":true,"showVisualEffectGraphs":true,"m_FxEnabled":true},"in2DMode":false,"pivot":{"x":1.062816858291626,"y":0.8723242878913879,"z":2.744954824447632},"rotation":{"x":-0.06027011573314667,"y":-0.009883846156299115,"z":0.0005655188579112291,"w":-0.9981482625007629},"size":2.6408400535583498,"orthographic":false}